region,year,value
Europe,2017,0.3935525
Europe,2018,0.546914961
Europe,2019,0.065438875
Asia,2017,0.831865367
Asia,2018,0.77875403
Asia,2019,0.642051853
